feature,importance
rolling_mean_28,1568
rolling_mean_7,1358
rolling_std_7,918
lag_1,847
lag_7,829
lag_28,741
day_of_week,716
month,542
sell_price,455
store_id_CA_1,132
store_id_CA_3,132
item_id_HOBBIES_1_015,106
store_id_CA_2,101
item_id_HOBBIES_1_008,87
price_change,52
store_id_TX_2,42
item_id_HOBBIES_1_019,40
store_id_WI_2,38
store_id_WI_1,38
item_id_HOBBIES_1_016,37
store_id_TX_1,37
store_id_WI_3,29
item_id_HOBBIES_1_030,26
store_id_TX_3,22
weekend,22
store_id_CA_4,22
item_id_HOBBIES_1_004,22
item_id_HOBBIES_1_014,15
item_id_HOBBIES_1_009,11
item_id_HOBBIES_1_029,9
item_id_HOBBIES_1_011,4
item_id_HOBBIES_1_017,2
item_id_HOBBIES_1_027,0
item_id_HOBBIES_1_026,0
item_id_HOBBIES_1_025,0
item_id_HOBBIES_1_028,0
item_id_HOBBIES_1_023,0
item_id_HOBBIES_1_022,0
item_id_HOBBIES_1_020,0
item_id_HOBBIES_1_021,0
item_id_HOBBIES_1_024,0
item_id_HOBBIES_1_005,0
item_id_HOBBIES_1_018,0
item_id_HOBBIES_1_013,0
item_id_HOBBIES_1_012,0
item_id_HOBBIES_1_010,0
item_id_HOBBIES_1_007,0
item_id_HOBBIES_1_006,0
price_missing,0
item_id_HOBBIES_1_003,0
item_id_HOBBIES_1_002,0
item_id_HOBBIES_1_001,0
cat_id_HOBBIES,0
