date,store_id,item_id,sell_price,previous_price,demand,previous_demand,price_change_pct,demand_change_pct,price_direction
2014-07-19,CA_1,HOBBIES_1_005,2.88,3.08,0,4.0,-0.06493506493506498,-1.0,price_decrease
2015-04-18,CA_1,HOBBIES_1_008,0.48,0.46,2,2.0,0.04347826086956513,0.0,price_increase
2011-12-31,CA_1,HOBBIES_1_015,0.72,0.7,0,7.0,0.0285714285714286,-1.0,price_increase
2011-12-31,CA_1,HOBBIES_1_016,0.72,0.7,0,21.0,0.0285714285714286,-1.0,price_increase
2015-04-18,CA_1,HOBBIES_1_019,0.48,0.46,31,9.0,0.04347826086956513,2.4444444444444446,price_increase
2015-06-13,CA_1,HOBBIES_1_027,19.98,20.77,0,1.0,-0.03803562831006255,-1.0,price_decrease
2012-11-24,CA_1,HOBBIES_1_028,7.98,7.18,0,2.0,0.11142061281337058,-1.0,price_increase
2014-07-19,CA_1,HOBBIES_1_029,8.98,7.98,0,1.0,0.12531328320802004,-1.0,price_increase
2013-08-03,CA_1,HOBBIES_1_030,0.72,0.8,0,10.0,-0.10000000000000009,-1.0,price_decrease
2015-04-11,CA_2,HOBBIES_1_008,0.48,0.46,0,5.0,0.04347826086956513,-1.0,price_increase
2013-11-02,CA_2,HOBBIES_1_016,0.7,0.72,0,1.0,-0.027777777777777804,-1.0,price_decrease
2015-04-11,CA_2,HOBBIES_1_019,0.48,0.46,0,13.0,0.04347826086956513,-1.0,price_increase
2013-02-23,CA_3,HOBBIES_1_004,4.64,4.34,0,10.0,0.0691244239631336,-1.0,price_increase
2012-02-04,CA_3,HOBBIES_1_005,2.98,2.48,3,1.0,0.20161290322580647,2.0,price_increase
2012-11-17,CA_3,HOBBIES_1_005,3.08,2.98,0,3.0,0.0335570469798658,-1.0,price_increase
2015-06-06,CA_3,HOBBIES_1_006,0.96,1.0,3,1.0,-0.040000000000000036,2.0,price_decrease
2011-04-16,CA_3,HOBBIES_1_008,0.5,0.42,0,47.0,0.19047619047619052,-1.0,price_increase
2015-04-18,CA_3,HOBBIES_1_008,0.48,0.46,14,5.0,0.04347826086956513,1.8,price_increase
2011-03-05,CA_3,HOBBIES_1_012,6.27,5.98,0,1.0,0.04849498327759183,-1.0,price_increase
2011-12-31,CA_3,HOBBIES_1_015,0.72,0.7,0,11.0,0.0285714285714286,-1.0,price_increase
2012-11-10,CA_3,HOBBIES_1_017,1.0,1.88,0,1.0,-0.4680851063829787,-1.0,price_decrease
2015-04-18,CA_3,HOBBIES_1_019,0.48,0.46,8,2.0,0.04347826086956513,3.0,price_increase
2013-06-22,CA_3,HOBBIES_1_024,7.98,8.98,2,1.0,-0.11135857461024498,1.0,price_decrease
2011-02-19,CA_3,HOBBIES_1_028,6.98,6.67,0,2.0,0.04647676161919048,-1.0,price_increase
2012-02-04,CA_3,HOBBIES_1_028,5.36,6.98,0,3.0,-0.23209169054441262,-1.0,price_decrease
2011-09-17,CA_4,HOBBIES_1_005,2.48,2.98,0,1.0,-0.16778523489932887,-1.0,price_decrease
2012-01-28,CA_4,HOBBIES_1_005,2.98,2.48,0,2.0,0.20161290322580647,-1.0,price_increase
2015-01-10,CA_4,HOBBIES_1_016,0.97,0.7,0,1.0,0.3857142857142858,-1.0,price_increase
2013-11-02,CA_4,HOBBIES_1_022,3.16,7.18,0,1.0,-0.5598885793871866,-1.0,price_decrease
2015-04-04,CA_4,HOBBIES_1_027,12.98,19.98,0,1.0,-0.35035035035035034,-1.0,price_decrease
2012-02-25,CA_4,HOBBIES_1_028,7.18,6.98,0,1.0,0.028653295128939726,-1.0,price_increase
2015-07-04,TX_1,HOBBIES_1_001,5.0,8.26,0,1.0,-0.3946731234866828,-1.0,price_decrease
2014-09-06,TX_1,HOBBIES_1_007,5.0,7.88,0,1.0,-0.36548223350253806,-1.0,price_decrease
2011-02-12,TX_1,HOBBIES_1_008,0.42,0.46,0,7.0,-0.0869565217391305,-1.0,price_decrease
2013-06-01,TX_1,HOBBIES_1_009,1.27,1.63,0,4.0,-0.22085889570552142,-1.0,price_decrease
2013-11-02,TX_1,HOBBIES_1_015,0.7,0.72,0,1.0,-0.027777777777777804,-1.0,price_decrease
2013-11-02,TX_1,HOBBIES_1_016,0.7,0.72,0,1.0,-0.027777777777777804,-1.0,price_decrease
2013-02-09,TX_1,HOBBIES_1_017,1.98,1.88,0,1.0,0.05319148936170218,-1.0,price_increase
2013-02-02,TX_1,HOBBIES_1_025,3.98,3.74,0,1.0,0.06417112299465234,-1.0,price_increase
2013-08-03,TX_1,HOBBIES_1_026,17.97,12.5,1,1.0,0.43759999999999993,0.0,price_increase
2015-04-11,TX_2,HOBBIES_1_008,0.48,0.46,0,1.0,0.04347826086956513,-1.0,price_increase
2011-12-24,TX_2,HOBBIES_1_015,0.7,0.68,0,16.0,0.029411764705882214,-1.0,price_increase
2015-11-14,TX_2,HOBBIES_1_015,0.5,0.7,0,3.0,-0.28571428571428564,-1.0,price_decrease
2011-04-23,TX_2,HOBBIES_1_016,0.68,0.72,0,1.0,-0.055555555555555455,-1.0,price_decrease
2011-12-24,TX_2,HOBBIES_1_016,0.7,0.68,0,19.0,0.029411764705882214,-1.0,price_increase
2012-06-30,TX_2,HOBBIES_1_016,0.58,0.72,0,5.0,-0.19444444444444448,-1.0,price_decrease
2013-11-02,TX_2,HOBBIES_1_016,0.7,0.72,0,3.0,-0.027777777777777804,-1.0,price_decrease
2013-02-02,TX_2,HOBBIES_1_017,1.98,1.88,0,6.0,0.05319148936170218,-1.0,price_increase
2012-06-02,TX_2,HOBBIES_1_020,10.78,10.98,0,1.0,-0.01821493624772323,-1.0,price_decrease
2016-01-16,TX_2,HOBBIES_1_023,2.97,3.44,0,1.0,-0.13662790697674412,-1.0,price_decrease
2014-08-16,TX_3,HOBBIES_1_003,0.97,2.97,0,1.0,-0.6734006734006733,-1.0,price_decrease
2012-01-28,TX_3,HOBBIES_1_005,2.98,2.48,0,2.0,0.20161290322580647,-1.0,price_increase
2012-08-25,TX_3,HOBBIES_1_005,1.5,2.98,0,1.0,-0.4966442953020134,-1.0,price_decrease
2012-11-17,TX_3,HOBBIES_1_005,1.99,2.98,2,1.0,-0.33221476510067116,1.0,price_decrease
2014-08-09,TX_3,HOBBIES_1_005,2.73,2.88,0,1.0,-0.0520833333333333,-1.0,price_decrease
2015-03-14,TX_3,HOBBIES_1_005,2.0,2.73,0,1.0,-0.2673992673992674,-1.0,price_decrease
2014-01-11,TX_3,HOBBIES_1_009,1.36,1.77,0,5.0,-0.231638418079096,-1.0,price_decrease
2015-09-26,TX_3,HOBBIES_1_014,1.16,0.98,0,1.0,0.18367346938775503,-1.0,price_increase
2011-02-26,TX_3,HOBBIES_1_015,0.72,0.7,0,6.0,0.0285714285714286,-1.0,price_increase
2012-01-28,WI_1,HOBBIES_1_005,2.98,2.48,0,3.0,0.20161290322580647,-1.0,price_increase
2015-06-06,WI_1,HOBBIES_1_006,0.96,1.0,2,5.0,-0.040000000000000036,-0.6,price_decrease
2014-12-06,WI_1,HOBBIES_1_009,1.0,1.77,0,4.0,-0.4350282485875706,-1.0,price_decrease
2011-03-05,WI_1,HOBBIES_1_012,6.27,5.98,0,1.0,0.04849498327759183,-1.0,price_increase
2012-01-07,WI_1,HOBBIES_1_012,6.52,6.27,0,1.0,0.03987240829346093,-1.0,price_increase
2011-02-12,WI_1,HOBBIES_1_015,0.72,0.7,0,16.0,0.0285714285714286,-1.0,price_increase
2011-12-31,WI_1,HOBBIES_1_015,0.72,0.7,0,3.0,0.0285714285714286,-1.0,price_increase
2011-03-05,WI_1,HOBBIES_1_022,6.98,6.86,0,1.0,0.017492711370262405,-1.0,price_increase
2011-04-23,WI_2,HOBBIES_1_008,0.5,0.42,3,1.0,0.19047619047619052,2.0,price_increase
2015-09-19,WI_2,HOBBIES_1_014,1.16,0.98,0,11.0,0.18367346938775503,-1.0,price_increase
2011-08-06,WI_2,HOBBIES_1_015,0.7,0.83,0,3.0,-0.1566265060240964,-1.0,price_decrease
2013-11-02,WI_2,HOBBIES_1_016,0.7,0.72,0,2.0,-0.027777777777777804,-1.0,price_decrease
2011-03-12,WI_2,HOBBIES_1_022,6.98,7.56,0,2.0,-0.07671957671957662,-1.0,price_decrease
2012-01-07,WI_2,HOBBIES_1_022,7.18,6.98,0,1.0,0.028653295128939726,-1.0,price_increase
2011-02-19,WI_2,HOBBIES_1_028,7.88,7.67,0,1.0,0.02737940026075619,-1.0,price_increase
2013-11-02,WI_2,HOBBIES_1_030,0.7,0.72,0,28.0,-0.027777777777777804,-1.0,price_decrease
2014-03-29,WI_3,HOBBIES_1_003,0.94,2.97,0,3.0,-0.6835016835016835,-1.0,price_decrease
2013-02-23,WI_3,HOBBIES_1_004,4.64,4.34,0,1.0,0.0691244239631336,-1.0,price_increase
2015-05-02,WI_3,HOBBIES_1_008,0.48,0.46,0,3.0,0.04347826086956513,-1.0,price_increase
2015-12-05,WI_3,HOBBIES_1_014,1.16,0.98,1,6.0,0.18367346938775503,-0.8333333333333334,price_increase
2012-01-07,WI_3,HOBBIES_1_016,0.72,0.7,0,1.0,0.0285714285714286,-1.0,price_increase
2013-05-04,WI_3,HOBBIES_1_016,0.65,0.72,0,2.0,-0.09722222222222215,-1.0,price_decrease
2013-07-20,WI_3,HOBBIES_1_016,0.65,0.72,0,2.0,-0.09722222222222215,-1.0,price_decrease
2013-11-23,WI_3,HOBBIES_1_016,0.55,0.7,0,12.0,-0.21428571428571416,-1.0,price_decrease
2013-12-14,WI_3,HOBBIES_1_016,0.55,0.7,0,7.0,-0.21428571428571416,-1.0,price_decrease
2014-01-04,WI_3,HOBBIES_1_016,0.55,0.7,0,7.0,-0.21428571428571416,-1.0,price_decrease
2014-02-15,WI_3,HOBBIES_1_016,0.55,0.7,0,1.0,-0.21428571428571416,-1.0,price_decrease
2015-05-02,WI_3,HOBBIES_1_019,0.48,0.46,0,8.0,0.04347826086956513,-1.0,price_increase
2011-03-05,WI_3,HOBBIES_1_022,6.98,7.33,0,1.0,-0.04774897680763979,-1.0,price_decrease
2013-02-16,WI_3,HOBBIES_1_029,8.98,8.27,0,1.0,0.08585247883917786,-1.0,price_increase
2013-08-10,WI_3,HOBBIES_1_030,0.72,0.8,0,1.0,-0.10000000000000009,-1.0,price_decrease
