elasticity,price_change,candidate_price,predicted_demand,estimated_demand,estimated_revenue
-0.5,-0.1,0.63,2.7618320843657655,2.899923688584054,1.8269519238079541
-0.5,-0.05,0.6649999999999999,2.7618320843657655,2.8308778864749096,1.8825337945058147
-0.5,0.0,0.7,2.7618320843657655,2.7618320843657655,1.9332824590560358
-0.5,0.05,0.735,2.7618320843657655,2.6927862822566215,1.9791979174586167
-0.5,0.1,0.77,2.7618320843657655,2.623740480147477,2.0202801697135575
-1.0,-0.1,0.63,2.7618320843657655,3.0380152928023425,1.9139496344654758
-1.0,-0.05,0.6649999999999999,2.7618320843657655,2.899923688584054,1.9284492529083956
-1.0,0.0,0.7,2.7618320843657655,2.7618320843657655,1.9332824590560358
-1.0,0.05,0.735,2.7618320843657655,2.623740480147477,1.9284492529083956
-1.0,0.1,0.77,2.7618320843657655,2.485648875929189,1.9139496344654756
-1.5,-0.1,0.63,2.7618320843657655,3.17610689702063,2.000947345122997
-1.5,-0.05,0.6649999999999999,2.7618320843657655,2.968969490693198,1.9743647113109766
-1.5,0.0,0.7,2.7618320843657655,2.7618320843657655,1.9332824590560358
-1.5,0.05,0.735,2.7618320843657655,2.554694678038333,1.8777005883581748
-1.5,0.1,0.77,2.7618320843657655,2.3475572717109006,1.8076190992173935
